CustomerID,Age,Gender,Income_ZAR,EmploymentStatus,CreditScore,LoanAmount_ZAR,InterestRate_Percent,LoanTerm_Months,Defaulted,MonthlyInstallment_ZAR,LoanToIncomeRatio,InstallmentToIncome,IsHighRisk
CUST1000,59,Male,13126,Employed,556,194129,14.48,72,0,4050.24,0.21,0.31,1
CUST1001,49,Female,13122,Self-employed,432,114028,15.67,36,0,3990.33,0.24,0.3,1
CUST1002,35,Female,26030,Employed,575,169246,8.06,72,0,2972.39,0.09,0.11,1
CUST1003,63,Male,25302,Employed,812,367875,9.52,60,0,7729.66,0.24,0.31,0
CUST1004,28,Female,27181,Employed,612,205930,8.49,36,1,6499.75,0.21,0.24,0
CUST1005,41,Male,63658,Employed,583,229761,10.65,36,0,7484.06,0.1,0.12,1
CUST1006,59,Male,46638,Employed,420,94638,11.73,48,0,2479.65,0.04,0.05,1
CUST1007,39,Male,9531,Employed,406,227558,14.86,36,0,7872.78,0.66,0.83,1
CUST1008,43,Female,48940,Employed,503,70567,13.84,36,0,2406.33,0.04,0.05,1
CUST1009,31,Female,60497,Self-employed,464,472955,13.52,72,0,9624.44,0.11,0.16,1
CUST1010,31,Male,48441,Self-employed,604,107804,10.7,60,0,2327.82,0.04,0.05,0
CUST1011,44,Male,31333,Employed,796,420965,15.84,48,1,11895.8,0.28,0.38,0
CUST1012,56,Male,47650,Employed,455,53754,11.95,72,0,1049.5,0.02,0.02,1
CUST1013,60,Male,42674,Employed,666,77044,17.28,36,0,2757.58,0.05,0.06,0
CUST1014,44,Female,43854,Employed,550,117260,13.66,36,0,3988.33,0.07,0.09,1
CUST1015,23,Female,54271,Employed,633,116912,8.33,48,0,2872.31,0.04,0.05,0
CUST1016,42,Male,16152,Self-employed,810,306695,14.1,60,0,7152.17,0.32,0.44,1
CUST1017,22,Male,46518,Employed,592,58706,10.41,48,0,1500.52,0.03,0.03,1
CUST1018,44,Female,53540,Employed,319,321038,14.21,72,0,6651.38,0.08,0.12,1
CUST1019,64,Female,18267,Employed,581,461253,7.73,48,0,11202.17,0.53,0.61,1
CUST1020,50,Male,33289,Employed,300,396130,8.84,36,0,12567.35,0.33,0.38,1
CUST1021,58,Male,9062,Unemployed,418,394086,15.99,72,0,8546.28,0.6,0.94,1
CUST1022,22,Male,59128,Self-employed,334,232684,9.39,36,0,7441.6,0.11,0.13,1
CUST1023,41,Female,58448,Employed,497,79725,15.79,60,1,1929.87,0.02,0.03,1
CUST1024,53,Female,37926,Self-employed,784,186998,9.93,36,0,6027.76,0.14,0.16,0
CUST1025,32,Female,14229,Employed,358,154555,13.75,36,1,5263.58,0.3,0.37,1
CUST1026,42,Male,64793,Self-employed,460,311486,14.29,48,0,8557.2,0.1,0.13,1
CUST1027,64,Male,57277,Self-employed,505,321640,12.38,36,0,10741.52,0.16,0.19,1
CUST1028,45,Female,55915,Employed,311,106447,10.21,72,0,1983.31,0.03,0.04,1
CUST1029,47,Female,12632,Employed,789,413748,9.23,72,0,7505.35,0.45,0.59,1
CUST1030,62,Male,47056,Employed,575,210878,7.35,60,0,4210.55,0.07,0.09,1
CUST1031,48,Female,11596,Employed,541,400343,10.19,72,0,7455.11,0.48,0.64,1
CUST1032,36,Female,52243,Self-employed,515,91321,13.86,48,0,2489.07,0.04,0.05,1
CUST1033,35,Male,14168,Employed,550,303113,16.85,60,0,7508.71,0.36,0.53,1
CUST1034,64,Female,50563,Employed,425,283103,16.15,72,0,6164.43,0.08,0.12,1
CUST1035,23,Male,15561,Self-employed,516,465872,15.04,48,0,12975.01,0.62,0.83,1
CUST1036,57,Male,16258,Unemployed,605,105147,15.28,72,1,2239.35,0.09,0.14,0
CUST1037,27,Male,24616,Employed,484,141396,13.98,72,0,2912.06,0.08,0.12,1
CUST1038,41,Male,67500,Employed,338,492882,9.73,36,0,15841.51,0.2,0.23,1
CUST1039,29,Male,66513,Employed,522,350931,16.53,72,0,7715.11,0.07,0.12,1
CUST1040,59,Male,34734,Employed,483,294839,14.04,72,0,6081.69,0.12,0.18,1
CUST1041,38,Male,14371,Unemployed,794,71727,12.88,48,0,1919.99,0.1,0.13,0
CUST1042,24,Female,61358,Employed,726,289423,8.17,48,0,7088.78,0.1,0.12,0
CUST1043,45,Male,34069,Employed,477,145081,11.69,36,0,4797.31,0.12,0.14,1
CUST1044,34,Male,22369,Employed,727,434865,11.83,72,0,8463.3,0.27,0.38,0
CUST1045,29,Female,20910,Employed,593,291130,16.08,36,0,10246.77,0.39,0.49,1
CUST1046,46,Female,15943,Self-employed,450,118056,12.74,72,0,2353.7,0.1,0.15,1
CUST1047,22,Female,20199,Self-employed,683,184153,10.99,60,1,4003.01,0.15,0.2,0
CUST1048,40,Male,23728,Employed,607,215268,17.26,60,0,5380.1,0.15,0.23,0
CUST1049,48,Female,31275,Employed,635,217807,8.16,36,0,6841.37,0.19,0.22,0
CUST1050,27,Male,14738,Employed,674,285821,11.44,36,0,9417.08,0.54,0.64,1
CUST1051,64,Male,23913,Unemployed,307,130102,7.44,36,0,4043.4,0.15,0.17,1
CUST1052,28,Male,43240,Self-employed,640,206570,14.77,48,1,5724.94,0.1,0.13,0
CUST1053,55,Male,68004,Employed,428,126865,16.64,48,0,3637.11,0.04,0.05,1
CUST1054,34,Female,27123,Self-employed,651,212728,9.94,48,0,5389.2,0.16,0.2,0
CUST1055,37,Female,62553,Self-employed,657,117695,16.01,36,1,4138.39,0.05,0.07,0
CUST1056,56,Male,56447,Employed,816,481116,10.07,72,0,8930.07,0.12,0.16,0
CUST1057,60,Male,42529,Unemployed,794,167235,16.56,60,0,4116.76,0.07,0.1,0
CUST1058,24,Male,68858,Employed,385,490917,14.92,36,0,16998.57,0.2,0.25,1
CUST1059,22,Female,18167,Employed,474,158777,15.45,48,0,4455.19,0.18,0.25,1
CUST1060,26,Male,18554,Employed,492,69033,7.19,48,0,1659.17,0.08,0.09,1
CUST1061,62,Male,25260,Employed,610,191877,17.11,36,1,6851.45,0.21,0.27,0
CUST1062,24,Female,55045,Employed,418,216923,14.63,36,1,7480.46,0.11,0.14,1
CUST1063,49,Female,11812,Self-employed,517,76832,10.2,48,0,1956.05,0.14,0.17,1
CUST1064,38,Male,36024,Employed,726,244509,15.71,72,0,5264.89,0.09,0.15,0
CUST1065,46,Female,66656,Self-employed,713,427869,9.96,48,0,10843.65,0.13,0.16,0
CUST1066,64,Female,58612,Employed,413,195016,16.16,48,1,5542.8,0.07,0.09,1
CUST1067,54,Male,35285,Employed,444,332017,8.18,36,0,10431.8,0.26,0.3,1
CUST1068,30,Female,34900,Employed,837,90372,14.39,72,0,1881.11,0.04,0.05,0
CUST1069,56,Male,58885,Employed,602,139464,12.68,48,0,3719.36,0.05,0.06,0
CUST1070,34,Female,9605,Self-employed,644,196451,8.01,48,0,4796.87,0.43,0.5,1
CUST1071,51,Male,13622,Employed,300,167322,9.54,60,0,3517.35,0.2,0.26,1
CUST1072,35,Male,14767,Employed,446,217823,7.13,36,0,6738.7,0.41,0.46,1
CUST1073,28,Male,35139,Employed,586,412226,11.92,60,0,9153.08,0.2,0.26,1
CUST1074,34,Female,19613,Self-employed,352,270894,10.16,60,0,5777.05,0.23,0.29,1
CUST1075,43,Male,64138,Unemployed,603,317254,13.28,48,0,8555.29,0.1,0.13,0
CUST1076,60,Female,60669,Self-employed,368,497557,10.12,36,0,16082.81,0.23,0.27,1
CUST1077,41,Male,18589,Employed,660,324231,10.15,72,1,6031.21,0.24,0.32,0
CUST1078,36,Male,21918,Employed,519,466978,14.8,48,0,12949.05,0.44,0.59,1
CUST1079,38,Female,28119,Employed,460,394761,7.51,72,0,6827.37,0.19,0.24,1
CUST1080,44,Male,35446,Employed,388,150483,16.48,72,0,3304.15,0.06,0.09,1
CUST1081,46,Male,66504,Employed,458,59596,15.95,36,0,2093.75,0.02,0.03,1
CUST1082,45,Female,21046,Employed,788,284627,14.01,60,0,6624.25,0.23,0.31,0
CUST1083,61,Male,32818,Employed,623,157539,13.23,36,1,5325.58,0.13,0.16,0
CUST1084,49,Male,43358,Employed,680,68313,16.37,72,0,1495.79,0.02,0.03,0
CUST1085,35,Male,58215,Self-employed,401,425319,8.95,48,0,10573.99,0.15,0.18,1
CUST1086,21,Male,12324,Employed,793,247621,7.83,72,0,4321.07,0.28,0.35,0
CUST1087,45,Female,18787,Employed,318,164914,9.51,48,1,4143.94,0.18,0.22,1
CUST1088,27,Female,17111,Self-employed,753,73705,15.34,48,0,2063.99,0.09,0.12,0
CUST1089,29,Male,46110,Employed,781,248436,7.36,36,0,7711.94,0.15,0.17,0
CUST1090,44,Female,24389,Self-employed,696,385589,13.12,72,0,7764.8,0.22,0.32,0
CUST1091,21,Male,64641,Employed,578,153892,17.45,60,0,3861.95,0.04,0.06,1
CUST1092,64,Female,49427,Employed,664,259717,15.98,72,0,5630.88,0.07,0.11,0
CUST1093,28,Male,22043,Self-employed,630,314167,12.48,72,1,6220.73,0.2,0.28,0
CUST1094,44,Male,36746,Self-employed,643,169654,7.67,60,0,3413.24,0.08,0.09,0
CUST1095,31,Male,65347,Self-employed,754,240868,15.73,36,0,8436.13,0.1,0.13,0
CUST1096,37,Male,30350,Employed,364,130073,13.29,72,0,2631.05,0.06,0.09,1
CUST1097,28,Male,49605,Employed,375,404341,8.21,72,1,7130.94,0.11,0.14,1
CUST1098,55,Male,8117,Employed,442,114429,7.99,48,0,2793.01,0.29,0.34,1
CUST1099,55,Female,68272,Employed,772,154195,16.55,72,0,3391.64,0.03,0.05,0
CUST1100,53,Male,54685,Unemployed,716,242699,14.03,60,0,5650.96,0.07,0.1,0
CUST1101,25,Female,26935,Employed,604,83848,15.71,48,0,2363.84,0.06,0.09,0
CUST1102,62,Male,55077,Unemployed,796,481020,16.23,36,0,16965.91,0.24,0.31,0
CUST1103,59,Female,21234,Employed,590,458595,13.0,48,0,12302.96,0.45,0.58,1
CUST1104,61,Female,46328,Employed,401,339910,12.43,60,1,7635.18,0.12,0.16,1
CUST1105,48,Female,61441,Employed,566,118099,11.52,60,0,2598.49,0.03,0.04,1
CUST1106,27,Male,8846,Self-employed,302,479276,10.33,48,0,12231.77,1.13,1.38,1
CUST1107,29,Male,18954,Self-employed,384,119122,11.56,36,0,3931.57,0.17,0.21,1
CUST1108,28,Female,21703,Self-employed,627,197159,15.13,48,0,5500.08,0.19,0.25,0
CUST1109,32,Male,56153,Self-employed,749,98868,13.32,36,0,3346.51,0.05,0.06,0
CUST1110,54,Female,54514,Self-employed,753,169119,16.37,48,0,4824.99,0.06,0.09,0
CUST1111,53,Male,30700,Self-employed,520,466441,11.66,60,0,10295.76,0.25,0.34,1
CUST1112,43,Female,40043,Employed,453,407430,13.37,72,0,8258.57,0.14,0.21,1
CUST1113,44,Female,14469,Employed,311,318787,13.63,72,0,6505.85,0.31,0.45,1
CUST1114,57,Male,38105,Employed,432,348871,13.21,36,0,11790.16,0.25,0.31,1
CUST1115,55,Female,50101,Unemployed,603,454221,14.38,36,0,15608.16,0.25,0.31,0
CUST1116,64,Male,34386,Unemployed,592,159079,9.49,36,0,5095.03,0.13,0.15,1
CUST1117,60,Female,66067,Employed,599,377841,12.38,60,0,8477.6,0.1,0.13,1
CUST1118,42,Female,57376,Self-employed,342,66029,8.09,48,0,1614.75,0.02,0.03,1
CUST1119,47,Male,53587,Unemployed,642,296353,11.04,60,0,6449.35,0.09,0.12,0
CUST1120,55,Male,44976,Employed,625,457442,12.12,72,0,8971.65,0.14,0.2,0
CUST1121,21,Male,47051,Employed,797,244718,13.85,36,0,8346.06,0.14,0.18,0
CUST1122,55,Female,69998,Unemployed,663,471947,16.98,48,0,13613.17,0.14,0.19,0
CUST1123,57,Male,10048,Employed,726,421602,13.31,72,0,8532.42,0.58,0.85,1
CUST1124,34,Female,47001,Self-employed,320,422528,14.81,72,1,8890.82,0.12,0.19,1
CUST1125,23,Female,20941,Employed,706,118926,12.32,72,0,2344.86,0.08,0.11,0
CUST1126,21,Male,53375,Unemployed,635,187069,13.66,60,0,4319.86,0.06,0.08,0
CUST1127,25,Male,50533,Unemployed,416,367650,7.74,36,0,11476.77,0.2,0.23,1
CUST1128,46,Female,9828,Unemployed,423,390373,9.67,72,0,7167.19,0.55,0.73,1
CUST1129,34,Female,9917,Employed,698,493031,10.8,36,0,16094.55,1.38,1.62,1
CUST1130,59,Male,28618,Self-employed,350,92092,11.96,60,0,2046.67,0.05,0.07,1
CUST1131,47,Male,40254,Self-employed,623,374683,7.48,72,0,6474.68,0.13,0.16,0
CUST1132,29,Male,47756,Employed,440,202889,8.47,60,0,4159.65,0.07,0.09,1
CUST1133,35,Male,59178,Self-employed,769,218933,9.91,60,0,4641.99,0.06,0.08,0
CUST1134,35,Male,55362,Employed,633,63428,17.2,36,0,2267.7,0.03,0.04,0
CUST1135,46,Female,28128,Employed,672,225006,10.48,72,1,4223.09,0.11,0.15,0
CUST1136,62,Female,66245,Employed,793,296627,12.06,60,0,6607.3,0.07,0.1,0
CUST1137,33,Female,53745,Employed,838,295439,9.06,72,0,5334.25,0.08,0.1,0
CUST1138,52,Female,67383,Employed,455,191330,13.41,36,0,6484.51,0.08,0.1,1
CUST1139,59,Male,8009,Self-employed,590,107775,9.95,60,1,2287.25,0.22,0.29,1
CUST1140,52,Male,24644,Employed,443,262652,9.17,36,0,8373.06,0.3,0.34,1
CUST1141,24,Male,30422,Self-employed,405,317613,12.42,72,0,6278.98,0.15,0.21,1
CUST1142,50,Female,17865,Employed,719,340998,7.06,72,0,5823.51,0.27,0.33,0
CUST1143,57,Female,10219,Employed,301,187328,7.08,36,0,5791.0,0.51,0.57,1
CUST1144,43,Male,47809,Employed,389,305158,9.3,48,0,7637.41,0.13,0.16,1
CUST1145,59,Male,59212,Self-employed,644,126256,7.39,60,0,2523.32,0.04,0.04,0
CUST1146,35,Female,13287,Employed,649,477153,8.13,72,0,8396.36,0.5,0.63,1
CUST1147,63,Female,69057,Self-employed,758,411278,10.56,72,0,7735.92,0.08,0.11,0
CUST1148,49,Male,42387,Self-employed,562,182723,15.43,60,0,4388.32,0.07,0.1,1
CUST1149,56,Male,16512,Self-employed,650,231360,13.01,36,0,7796.55,0.39,0.47,1
CUST1150,33,Female,9342,Employed,407,396874,12.38,36,0,13254.04,1.18,1.42,1
CUST1151,52,Male,51336,Employed,338,468267,10.08,36,0,15127.25,0.25,0.29,1
CUST1152,27,Male,27216,Self-employed,458,339530,16.78,48,0,9758.55,0.26,0.36,1
CUST1153,42,Male,59976,Employed,611,292634,11.17,48,1,7587.46,0.1,0.13,0
CUST1154,48,Female,59146,Self-employed,540,459400,7.91,72,0,8034.6,0.11,0.14,1
CUST1155,22,Female,35534,Employed,744,83787,13.48,36,0,2842.53,0.07,0.08,0
CUST1156,62,Female,22231,Unemployed,597,71621,8.2,60,0,1459.08,0.05,0.07,1
CUST1157,26,Female,40293,Self-employed,335,127984,10.62,72,1,2411.22,0.04,0.06,1
CUST1158,48,Female,34614,Unemployed,383,488469,12.33,60,0,10947.36,0.24,0.32,1
CUST1159,48,Female,44258,Employed,751,346195,16.18,72,0,7543.96,0.11,0.17,0
CUST1160,64,Female,36253,Self-employed,684,361955,12.18,48,0,9563.68,0.21,0.26,0
CUST1161,64,Male,50078,Employed,471,80447,14.37,72,0,1673.65,0.02,0.03,1
CUST1162,40,Male,48752,Employed,675,178046,17.42,48,0,5176.29,0.08,0.11,0
CUST1163,50,Male,25988,Self-employed,661,265002,8.38,72,0,4695.67,0.14,0.18,0
CUST1164,31,Male,39037,Self-employed,440,211326,9.88,36,0,6807.0,0.15,0.17,1
CUST1165,48,Male,20219,Unemployed,417,396189,11.14,60,1,8641.8,0.33,0.43,1
CUST1166,45,Male,8235,Self-employed,576,166859,11.43,36,0,5496.79,0.56,0.67,1
CUST1167,59,Male,50929,Employed,519,238490,11.32,72,0,4578.62,0.07,0.09,1
CUST1168,53,Female,69773,Employed,325,457688,16.53,72,0,10062.13,0.09,0.14,1
CUST1169,21,Female,9908,Self-employed,820,53471,14.5,72,0,1116.18,0.07,0.11,0
CUST1170,47,Male,16567,Employed,309,288404,13.38,48,0,7791.66,0.36,0.47,1
CUST1171,33,Male,44298,Employed,677,170312,10.25,60,0,3639.61,0.06,0.08,0
CUST1172,61,Female,13256,Employed,451,276876,15.65,60,0,6681.71,0.35,0.5,1
CUST1173,23,Male,27019,Employed,348,189401,17.03,72,1,4216.61,0.1,0.16,1
CUST1174,59,Male,16162,Employed,453,215937,15.62,72,1,4639.01,0.19,0.29,1
CUST1175,26,Female,66914,Employed,592,96850,7.02,48,0,2320.09,0.03,0.03,1
CUST1176,28,Male,59712,Employed,349,366364,13.68,36,0,12464.59,0.17,0.21,1
CUST1177,47,Female,13415,Employed,830,293306,7.54,36,1,9129.03,0.61,0.68,1
CUST1178,29,Male,44159,Unemployed,359,143808,9.7,60,0,3034.31,0.05,0.07,1
CUST1179,57,Female,51925,Employed,466,187469,7.63,48,1,4544.18,0.08,0.09,1
CUST1180,53,Female,68987,Employed,501,278981,13.34,72,0,5650.48,0.06,0.08,1
CUST1181,62,Female,13951,Self-employed,445,216597,14.21,60,0,5063.45,0.26,0.36,1
CUST1182,64,Male,29852,Employed,738,103072,8.2,48,0,2525.98,0.07,0.08,0
CUST1183,44,Female,16007,Unemployed,541,271178,11.03,36,0,8881.87,0.47,0.55,1
CUST1184,35,Male,69194,Self-employed,782,133820,11.79,48,0,3510.21,0.04,0.05,0
CUST1185,52,Male,49832,Employed,407,73284,10.88,36,0,2395.06,0.04,0.05,1
CUST1186,52,Male,66596,Employed,525,133369,8.27,48,0,3272.86,0.04,0.05,1
CUST1187,44,Male,63565,Self-employed,731,337266,11.4,60,0,7400.44,0.09,0.12,0
CUST1188,61,Female,38523,Unemployed,718,442493,14.89,36,0,15315.34,0.32,0.4,0
CUST1189,32,Female,31325,Employed,754,382697,7.75,60,1,7714.01,0.2,0.25,0
CUST1190,59,Male,66658,Self-employed,459,262978,7.84,60,0,5312.13,0.07,0.08,1
CUST1191,22,Male,29204,Employed,822,406932,10.73,36,0,13270.46,0.39,0.45,1
CUST1192,23,Female,23524,Unemployed,376,112812,16.89,36,0,4015.88,0.13,0.17,1
CUST1193,57,Male,27282,Employed,808,320143,14.02,72,0,6600.21,0.16,0.24,0
CUST1194,37,Female,31930,Unemployed,740,334580,14.13,72,1,6917.58,0.15,0.22,0
CUST1195,22,Male,8077,Self-employed,553,355107,10.8,72,0,6722.81,0.61,0.83,1
CUST1196,22,Male,48345,Self-employed,619,183168,13.23,60,0,4189.23,0.06,0.09,0
CUST1197,48,Female,67965,Employed,562,294809,7.11,60,0,5852.88,0.07,0.09,1
CUST1198,43,Male,28611,Employed,673,468495,13.68,72,0,9573.59,0.23,0.33,0
CUST1199,57,Female,24984,Employed,466,302164,16.59,60,0,7443.1,0.2,0.3,1
CUST1200,52,Male,22060,Employed,758,421043,13.43,60,1,9672.96,0.32,0.44,1
CUST1201,53,Male,25449,Employed,579,295317,16.17,36,0,10407.27,0.32,0.41,1
CUST1202,21,Male,26520,Self-employed,601,338345,14.6,36,0,11662.67,0.35,0.44,1
CUST1203,39,Female,67793,Employed,830,200787,8.27,60,0,4097.23,0.05,0.06,0
CUST1204,22,Male,51303,Employed,517,210381,16.48,72,0,4619.33,0.06,0.09,1
CUST1205,64,Male,67207,Unemployed,401,196150,7.7,48,0,4761.02,0.06,0.07,1
CUST1206,46,Male,17510,Self-employed,587,499830,12.61,72,0,9931.05,0.4,0.57,1
CUST1207,52,Male,37287,Unemployed,466,55105,8.49,48,0,1357.98,0.03,0.04,1
CUST1208,26,Female,36173,Unemployed,335,429810,7.12,72,0,7352.63,0.17,0.2,1
CUST1209,52,Female,47711,Employed,652,406992,11.43,36,0,13407.43,0.24,0.28,0
CUST1210,24,Male,19954,Employed,372,314983,10.1,60,0,6707.97,0.26,0.34,1
CUST1211,31,Female,15804,Self-employed,652,118920,12.1,60,0,2651.32,0.13,0.17,0
CUST1212,37,Male,14565,Self-employed,369,355763,13.06,36,0,11997.35,0.68,0.82,1
CUST1213,58,Male,13984,Employed,724,92821,7.46,48,1,2242.58,0.14,0.16,0
CUST1214,44,Male,29526,Self-employed,816,175736,8.29,48,0,4314.19,0.12,0.15,0
CUST1215,25,Female,45438,Employed,727,456709,12.87,48,0,12222.91,0.21,0.27,0
CUST1216,54,Female,26574,Employed,838,67069,10.6,36,0,2183.07,0.07,0.08,0
CUST1217,26,Female,17184,Employed,459,57531,14.66,48,0,1591.23,0.07,0.09,1
CUST1218,42,Female,27096,Employed,448,480267,13.85,36,0,16379.42,0.49,0.6,1
CUST1219,31,Female,10192,Employed,529,188808,15.88,72,0,4083.13,0.26,0.4,1
CUST1220,36,Female,42016,Employed,366,188782,14.27,72,0,3917.34,0.06,0.09,1
CUST1221,53,Female,19246,Self-employed,680,117155,11.51,36,0,3863.86,0.17,0.2,0
CUST1222,29,Female,53558,Employed,357,457191,14.07,60,0,10654.63,0.14,0.2,1
CUST1223,26,Female,61185,Employed,558,112424,9.89,72,0,2076.52,0.03,0.03,1
CUST1224,36,Male,26381,Self-employed,641,357747,10.22,48,0,9111.23,0.28,0.35,0
CUST1225,49,Female,44455,Unemployed,429,466468,15.28,36,0,16234.3,0.29,0.37,1
CUST1226,23,Female,34727,Self-employed,471,182503,11.69,48,1,4778.27,0.11,0.14,1
CUST1227,40,Female,12018,Self-employed,508,255675,15.38,48,0,7164.97,0.44,0.6,1
CUST1228,56,Female,19302,Self-employed,653,218553,15.64,60,0,5273.07,0.19,0.27,0
CUST1229,39,Female,9970,Employed,770,404717,16.0,48,0,11469.79,0.85,1.15,1
CUST1230,46,Female,49157,Employed,415,190629,16.62,60,1,4698.76,0.06,0.1,1
CUST1231,23,Female,62917,Employed,563,415446,11.53,72,0,8020.87,0.09,0.13,1
CUST1232,39,Female,35202,Employed,741,181234,10.35,36,0,5877.74,0.14,0.17,0
CUST1233,40,Female,39110,Employed,847,477958,13.11,48,0,12848.53,0.25,0.33,0
CUST1234,52,Female,25586,Self-employed,752,69675,10.9,36,0,2277.77,0.08,0.09,0
CUST1235,27,Female,32519,Employed,776,123997,13.31,48,0,3345.64,0.08,0.1,0
CUST1236,61,Male,39273,Employed,586,198087,14.41,36,0,6809.66,0.14,0.17,1
CUST1237,53,Male,29951,Employed,602,493273,14.23,48,0,13536.39,0.34,0.45,1
CUST1238,60,Female,64819,Self-employed,610,475807,10.93,48,0,12281.31,0.15,0.19,0
CUST1239,59,Female,23374,Employed,507,281390,8.75,48,1,6969.05,0.25,0.3,1
CUST1240,38,Male,62894,Self-employed,745,190905,11.52,48,0,4982.39,0.06,0.08,0
CUST1241,60,Female,13788,Employed,354,320040,8.5,48,0,7888.44,0.48,0.57,1
CUST1242,21,Male,13408,Employed,311,476188,16.35,48,0,13580.81,0.74,1.01,1
CUST1243,31,Male,67379,Employed,699,361877,10.63,48,0,9288.01,0.11,0.14,0
CUST1244,48,Male,33053,Self-employed,814,301435,8.62,48,1,7446.95,0.19,0.23,0
CUST1245,45,Male,17446,Employed,841,91800,7.27,48,0,2209.78,0.11,0.13,0
CUST1246,43,Male,8922,Self-employed,536,146044,13.78,36,0,4975.85,0.45,0.56,1
CUST1247,51,Female,41187,Employed,578,317491,13.69,60,0,7336.53,0.13,0.18,1
CUST1248,50,Male,59356,Employed,647,240135,10.58,48,0,6157.55,0.08,0.1,0
CUST1249,62,Female,18789,Self-employed,403,183715,7.75,60,0,3703.14,0.16,0.2,1
CUST1250,55,Female,40184,Self-employed,816,352929,11.3,48,0,9173.14,0.18,0.23,0
CUST1251,27,Male,9120,Self-employed,547,330825,10.27,48,0,8433.54,0.76,0.92,1
CUST1252,36,Male,52028,Self-employed,663,493242,14.11,36,0,16884.21,0.26,0.32,0
CUST1253,46,Female,40154,Self-employed,620,416008,13.36,72,0,8430.24,0.14,0.21,0
CUST1254,22,Male,25334,Self-employed,585,459108,10.83,72,1,8698.77,0.25,0.34,1
CUST1255,21,Male,10336,Self-employed,448,359443,9.29,36,0,11478.77,0.97,1.11,1
CUST1256,32,Female,46141,Self-employed,383,67073,17.37,60,0,1680.31,0.02,0.04,1
CUST1257,25,Female,10243,Self-employed,705,414448,11.77,72,0,8053.05,0.56,0.79,1
CUST1258,57,Male,27029,Self-employed,755,80682,14.23,36,0,2766.54,0.08,0.1,0
CUST1259,52,Female,67201,Self-employed,460,278870,8.48,36,0,8800.66,0.12,0.13,1
CUST1260,29,Male,40265,Employed,759,277966,12.1,72,0,5448.75,0.1,0.14,0
CUST1261,61,Male,45380,Self-employed,849,436446,7.29,60,0,8701.99,0.16,0.19,0
CUST1262,55,Male,54714,Self-employed,799,457505,12.31,36,0,15263.54,0.23,0.28,0
CUST1263,39,Female,59017,Employed,808,165359,17.12,48,0,4781.71,0.06,0.08,0
CUST1264,36,Female,51872,Self-employed,780,451143,11.03,60,1,9815.69,0.14,0.19,0
CUST1265,23,Female,54197,Employed,413,491546,7.41,60,0,9828.56,0.15,0.18,1
CUST1266,40,Female,68197,Employed,660,116707,7.33,72,0,2008.28,0.02,0.03,0
CUST1267,44,Female,63180,Self-employed,640,301351,11.07,72,0,5746.75,0.07,0.09,0
CUST1268,53,Male,31710,Employed,748,288511,8.68,48,0,7135.85,0.19,0.23,0
CUST1269,44,Male,37486,Self-employed,479,285718,7.25,36,0,8854.84,0.21,0.24,1
CUST1270,31,Male,14371,Self-employed,706,115428,14.94,72,0,2436.97,0.11,0.17,0
CUST1271,28,Male,14359,Employed,495,100601,11.81,72,0,1956.84,0.1,0.14,1
CUST1272,56,Female,48631,Employed,765,445755,10.04,60,0,9479.75,0.15,0.19,0
CUST1273,58,Male,43996,Employed,610,161487,16.45,72,0,3543.08,0.05,0.08,0
CUST1274,60,Female,28103,Self-employed,561,203741,8.22,72,0,3594.17,0.1,0.13,1
CUST1275,40,Male,68572,Unemployed,718,463860,17.04,72,1,10329.45,0.09,0.15,0
CUST1276,55,Female,22382,Self-employed,705,461961,10.3,72,0,8628.27,0.29,0.39,0
CUST1277,45,Female,26755,Employed,442,301924,16.33,60,0,7395.25,0.19,0.28,1
CUST1278,55,Male,43659,Self-employed,641,309153,13.33,48,0,8344.53,0.15,0.19,0
CUST1279,45,Male,11756,Employed,615,340372,15.68,48,0,9590.55,0.6,0.82,1
CUST1280,49,Male,28609,Self-employed,400,299430,17.33,36,0,10724.74,0.29,0.37,1
CUST1281,38,Male,56538,Employed,543,477737,10.03,72,0,8857.71,0.12,0.16,1
CUST1282,38,Female,24478,Self-employed,789,172788,17.09,60,0,4302.59,0.12,0.18,0
CUST1283,22,Male,43442,Employed,311,147239,11.09,36,0,4826.69,0.09,0.11,1
CUST1284,55,Male,47666,Unemployed,538,76928,11.05,36,0,2520.35,0.04,0.05,1
CUST1285,36,Female,18147,Employed,341,330466,10.57,48,0,8472.22,0.38,0.47,1
CUST1286,61,Male,41561,Self-employed,728,400040,12.68,60,0,9036.74,0.16,0.22,0
CUST1287,56,Male,67178,Unemployed,457,112292,8.62,60,0,2310.34,0.03,0.03,1
CUST1288,53,Male,42884,Employed,515,79055,12.81,60,0,1791.06,0.03,0.04,1
CUST1289,24,Male,13779,Unemployed,761,355035,12.69,48,1,9470.16,0.54,0.69,1
CUST1290,53,Male,20298,Self-employed,433,131912,15.0,48,1,3671.21,0.14,0.18,1
CUST1291,34,Female,68669,Employed,366,187660,15.75,48,0,5294.34,0.06,0.08,1
CUST1292,41,Male,22153,Employed,306,402680,11.62,48,0,10529.13,0.38,0.48,1
CUST1293,40,Male,51879,Self-employed,825,318448,10.17,48,0,8102.69,0.13,0.16,0
CUST1294,28,Male,18789,Employed,372,57345,9.72,72,1,1054.28,0.04,0.06,1
CUST1295,27,Male,52165,Employed,698,210372,9.04,72,1,3796.25,0.06,0.07,0
CUST1296,23,Male,20999,Employed,704,467475,7.61,60,0,9391.69,0.37,0.45,1
CUST1297,37,Female,63318,Self-employed,429,141006,10.6,36,0,4589.69,0.06,0.07,1
CUST1298,53,Male,8814,Employed,765,458568,9.84,60,0,9707.15,0.87,1.1,1
CUST1299,32,Female,57497,Self-employed,505,179350,17.15,36,0,6407.71,0.09,0.11,1
CUST1300,42,Female,18541,Unemployed,565,214437,12.86,48,0,5737.92,0.24,0.31,1
CUST1301,42,Male,32938,Unemployed,836,331590,10.65,36,1,10800.95,0.28,0.33,0
CUST1302,50,Male,10443,Self-employed,552,314480,13.09,60,0,7169.88,0.5,0.69,1
CUST1303,58,Male,18457,Employed,588,374176,8.46,60,0,7669.58,0.34,0.42,1
CUST1304,58,Male,18380,Self-employed,463,256487,11.66,36,1,8477.45,0.39,0.46,1
CUST1305,28,Female,15783,Employed,394,147852,13.58,72,0,3013.45,0.13,0.19,1
CUST1306,47,Male,68349,Employed,409,188593,12.13,48,0,4978.42,0.06,0.07,1
CUST1307,47,Male,52241,Employed,635,252779,11.22,48,0,6560.24,0.1,0.13,0
CUST1308,54,Male,25368,Employed,537,204553,17.44,60,0,5132.19,0.13,0.2,1
CUST1309,41,Male,23328,Self-employed,680,330618,16.24,72,0,7215.47,0.2,0.31,0
CUST1310,50,Male,64942,Self-employed,735,227832,13.55,36,0,7737.06,0.1,0.12,0
CUST1311,53,Male,34215,Employed,782,367862,12.98,48,0,9865.17,0.22,0.29,0
CUST1312,48,Female,41595,Employed,324,356773,13.52,72,0,7260.19,0.12,0.17,1
CUST1313,53,Female,35306,Unemployed,416,95232,9.11,48,0,2374.83,0.06,0.07,1
CUST1314,25,Male,27915,Employed,781,398688,11.15,72,0,7619.32,0.2,0.27,0
CUST1315,39,Male,47915,Employed,691,309013,7.41,72,0,5329.41,0.09,0.11,0
CUST1316,24,Male,45219,Employed,836,362813,11.99,60,0,8068.74,0.13,0.18,0
CUST1317,55,Female,23343,Self-employed,378,259093,12.7,48,0,6912.3,0.23,0.3,1
CUST1318,37,Male,54403,Self-employed,472,381328,9.39,36,0,12195.46,0.19,0.22,1
CUST1319,64,Female,68279,Employed,311,229017,17.12,60,0,5706.45,0.06,0.08,1
CUST1320,48,Male,61028,Employed,427,63140,16.55,60,0,1553.95,0.02,0.03,1
CUST1321,50,Male,46727,Self-employed,391,438612,14.58,36,0,15114.57,0.26,0.32,1
CUST1322,49,Male,8126,Self-employed,842,133457,12.6,60,0,3009.3,0.27,0.37,0
CUST1323,26,Male,60329,Employed,831,64357,16.13,72,1,1400.63,0.01,0.02,0
CUST1324,55,Female,35632,Unemployed,746,161672,8.37,72,0,2863.93,0.06,0.08,0
CUST1325,61,Female,49563,Employed,689,380817,15.3,48,0,10656.42,0.16,0.22,0
CUST1326,57,Male,52409,Employed,342,171673,8.31,48,0,4216.07,0.07,0.08,1
CUST1327,44,Male,63176,Unemployed,553,115633,15.34,36,0,4027.74,0.05,0.06,1
CUST1328,49,Female,62261,Employed,429,258015,9.9,48,0,6531.54,0.09,0.1,1
CUST1329,51,Female,28530,Self-employed,359,146111,16.21,72,0,3186.33,0.07,0.11,1
CUST1330,55,Female,47964,Employed,766,390402,16.91,36,0,13901.42,0.23,0.29,0
CUST1331,53,Female,68877,Employed,586,456140,8.56,36,0,14411.9,0.18,0.21,1
CUST1332,41,Male,52327,Unemployed,816,119286,11.86,48,0,3133.06,0.05,0.06,0
CUST1333,52,Female,11368,Employed,766,143269,17.3,72,0,3211.21,0.18,0.28,0
CUST1334,43,Male,11797,Self-employed,644,308635,12.08,36,0,10262.9,0.73,0.87,1
CUST1335,53,Female,55882,Employed,681,124071,16.07,72,1,2696.11,0.03,0.05,0
CUST1336,23,Female,21718,Employed,552,271095,13.18,72,0,5467.78,0.17,0.25,1
CUST1337,38,Female,42560,Employed,355,80651,10.94,72,0,1532.64,0.03,0.04,1
CUST1338,45,Female,19053,Self-employed,762,120202,10.0,48,0,3048.63,0.13,0.16,0
CUST1339,62,Female,30116,Employed,756,98777,9.13,60,0,2056.69,0.05,0.07,0
CUST1340,51,Male,44244,Self-employed,382,198066,15.0,60,0,4711.98,0.07,0.11,1
CUST1341,23,Male,44185,Employed,398,379407,11.06,36,0,12432.08,0.24,0.28,1
CUST1342,60,Female,9645,Unemployed,448,240706,12.37,72,0,4752.29,0.35,0.49,1
CUST1343,44,Female,55523,Employed,628,150158,12.17,48,0,3966.78,0.06,0.07,0
CUST1344,52,Male,66549,Self-employed,455,322944,13.06,72,0,6493.04,0.07,0.1,1
CUST1345,42,Female,60182,Self-employed,489,349967,16.09,72,0,7608.78,0.08,0.13,1
CUST1346,43,Female,27256,Self-employed,793,289647,17.3,48,1,8402.8,0.22,0.31,0
CUST1347,22,Male,43840,Self-employed,562,376022,11.28,60,0,8228.23,0.14,0.19,1
CUST1348,47,Female,42622,Self-employed,379,330852,15.69,72,0,7120.44,0.11,0.17,1
CUST1349,62,Female,61173,Self-employed,699,193891,15.03,72,0,4102.99,0.04,0.07,0
CUST1350,22,Male,45430,Employed,559,255977,13.02,60,0,5826.88,0.09,0.13,1
CUST1351,46,Male,47282,Employed,400,113870,17.04,48,0,3288.08,0.05,0.07,1
CUST1352,37,Male,62183,Unemployed,658,59283,9.1,36,0,1887.94,0.03,0.03,0
CUST1353,60,Female,10708,Self-employed,679,211645,8.15,60,0,4306.61,0.33,0.4,0
CUST1354,53,Male,19694,Self-employed,520,390851,15.97,36,0,13735.37,0.55,0.7,1
CUST1355,29,Male,64264,Employed,719,474149,11.61,36,0,15660.36,0.2,0.24,0
CUST1356,63,Male,17524,Employed,423,55774,15.89,60,0,1353.06,0.05,0.08,1
CUST1357,59,Male,39880,Employed,721,253127,16.38,72,1,5543.89,0.09,0.14,0
CUST1358,49,Male,65545,Self-employed,530,192055,7.66,36,0,5988.23,0.08,0.09,1
CUST1359,62,Male,60659,Employed,362,146468,16.28,36,0,5169.65,0.07,0.09,1
CUST1360,46,Female,47224,Employed,784,408478,11.71,48,0,10698.72,0.18,0.23,0
CUST1361,55,Female,44980,Employed,782,330277,12.36,72,0,6518.98,0.1,0.14,0
CUST1362,45,Male,40409,Employed,818,458155,13.58,36,0,15565.36,0.31,0.39,0
CUST1363,44,Male,21224,Employed,454,50781,16.73,48,0,1458.2,0.05,0.07,1
CUST1364,33,Male,48738,Employed,391,164586,7.2,72,0,2821.86,0.05,0.06,1
CUST1365,27,Female,33150,Self-employed,825,499916,12.01,60,0,11122.88,0.25,0.34,0
CUST1366,56,Female,57688,Employed,754,339768,14.22,60,0,7944.61,0.1,0.14,0
CUST1367,40,Female,42393,Employed,809,56823,14.59,48,0,1569.64,0.03,0.04,0
CUST1368,21,Female,51082,Employed,482,68489,14.27,60,0,1603.22,0.02,0.03,1
CUST1369,28,Female,15973,Employed,685,221033,8.41,36,0,6968.25,0.38,0.44,1
CUST1370,36,Female,16577,Employed,704,341262,10.14,72,0,6346.28,0.29,0.38,0
CUST1371,34,Female,16070,Employed,545,150417,10.77,36,0,4908.09,0.26,0.31,1
CUST1372,32,Female,68625,Self-employed,770,131816,15.45,36,0,4598.55,0.05,0.07,0
CUST1373,43,Female,16666,Employed,722,203335,9.93,60,0,4313.27,0.2,0.26,0
CUST1374,35,Male,65761,Self-employed,364,325709,9.21,36,0,10389.32,0.14,0.16,1
CUST1375,48,Male,63642,Self-employed,312,201426,17.05,60,0,5011.37,0.05,0.08,1
CUST1376,54,Male,44368,Self-employed,512,224023,7.09,72,0,3829.06,0.07,0.09,1
CUST1377,22,Male,14783,Employed,541,403323,17.48,72,0,9080.74,0.38,0.61,1
CUST1378,52,Female,53994,Employed,792,73648,14.11,36,0,2521.05,0.04,0.05,0
CUST1379,43,Female,49914,Employed,512,493945,15.7,48,0,13922.76,0.21,0.28,1
CUST1380,42,Male,12971,Employed,637,91971,10.09,60,1,1958.19,0.12,0.15,0
CUST1381,45,Female,21490,Unemployed,472,68658,7.15,60,1,1364.37,0.05,0.06,1
CUST1382,42,Male,58357,Employed,463,71253,14.75,36,0,2461.29,0.03,0.04,1
CUST1383,42,Female,53719,Employed,764,229635,15.76,60,0,5555.04,0.07,0.1,0
CUST1384,62,Male,53080,Self-employed,796,207462,14.77,60,0,4910.5,0.07,0.09,0
CUST1385,26,Female,9990,Self-employed,694,400808,8.5,48,0,9879.24,0.84,0.99,1
CUST1386,35,Female,13299,Employed,607,232650,14.91,48,1,6464.21,0.36,0.49,1
CUST1387,63,Male,53765,Employed,482,260097,15.07,36,0,9025.27,0.13,0.17,1
CUST1388,57,Female,27956,Employed,809,153850,13.91,48,0,4197.24,0.11,0.15,0
CUST1389,53,Male,30359,Employed,845,475874,15.04,36,1,16505.65,0.44,0.54,1
CUST1390,28,Male,54240,Employed,526,187924,15.88,72,0,4064.01,0.05,0.07,1
CUST1391,64,Male,63472,Employed,735,276058,13.44,36,0,9360.1,0.12,0.15,0
CUST1392,64,Male,45148,Employed,721,183623,7.93,72,1,3213.23,0.06,0.07,0
CUST1393,25,Female,36734,Employed,320,384091,12.12,36,0,12779.34,0.29,0.35,1
CUST1394,59,Female,12757,Employed,696,111001,7.82,60,0,2241.15,0.15,0.18,0
CUST1395,24,Female,27097,Employed,404,230231,11.28,48,0,5981.79,0.18,0.22,1
CUST1396,26,Male,18395,Employed,491,172775,11.27,72,0,3312.56,0.13,0.18,1
CUST1397,52,Female,24241,Self-employed,316,494923,7.69,36,0,15438.41,0.57,0.64,1
CUST1398,50,Male,46356,Self-employed,419,83243,10.66,48,0,2137.74,0.04,0.05,1
CUST1399,55,Female,35696,Employed,692,202872,8.17,36,1,6373.19,0.16,0.18,0
CUST1400,60,Female,58118,Employed,724,388083,15.49,48,0,10897.28,0.14,0.19,0
CUST1401,36,Female,12944,Employed,428,369972,16.95,48,0,10665.99,0.6,0.82,1
CUST1402,33,Male,54163,Self-employed,429,311716,7.76,36,0,9733.57,0.16,0.18,1
CUST1403,62,Female,27816,Self-employed,328,450455,17.03,72,0,10028.42,0.22,0.36,1
CUST1404,50,Female,57840,Employed,396,318854,12.49,72,0,6315.2,0.08,0.11,1
CUST1405,39,Male,45011,Unemployed,309,464600,10.15,60,0,9905.7,0.17,0.22,1
CUST1406,37,Female,60853,Employed,541,464254,7.81,48,0,11292.44,0.16,0.19,1
CUST1407,39,Male,32917,Employed,531,221918,12.26,60,0,4965.65,0.11,0.15,1
CUST1408,48,Female,39195,Self-employed,583,269055,15.34,60,0,6448.92,0.11,0.16,1
CUST1409,46,Male,29566,Self-employed,499,350135,14.42,36,0,12038.33,0.33,0.41,1
CUST1410,57,Male,17916,Self-employed,378,260129,7.53,36,0,8095.21,0.4,0.45,1
CUST1411,46,Female,63856,Self-employed,472,450187,7.77,36,0,14059.51,0.2,0.22,1
CUST1412,43,Male,28806,Employed,766,472355,11.23,48,0,12261.09,0.34,0.43,1
CUST1413,29,Male,17984,Self-employed,715,397589,10.1,36,0,12847.75,0.61,0.71,1
CUST1414,32,Male,9759,Employed,748,258139,9.44,36,0,8261.72,0.73,0.85,1
CUST1415,21,Male,68556,Self-employed,386,130257,9.95,48,0,3300.53,0.04,0.05,1
CUST1416,21,Male,49949,Employed,400,349855,15.44,48,0,9814.94,0.15,0.2,1
CUST1417,54,Male,34838,Self-employed,307,56530,16.76,72,0,1250.02,0.02,0.04,1
CUST1418,52,Female,10482,Employed,499,323260,11.25,36,0,10621.43,0.86,1.01,1
CUST1419,45,Male,32442,Self-employed,804,115794,16.51,36,0,4100.19,0.1,0.13,0
CUST1420,60,Male,41719,Employed,386,443498,10.38,36,0,14389.69,0.3,0.34,1
CUST1421,21,Female,66066,Self-employed,342,260545,12.0,72,0,5093.7,0.05,0.08,1
CUST1422,36,Female,35965,Employed,684,182970,9.37,36,0,5849.96,0.14,0.16,0
CUST1423,59,Female,10079,Employed,734,54135,13.72,72,0,1107.39,0.07,0.11,0
CUST1424,25,Female,10717,Employed,707,449845,17.28,60,0,11247.64,0.7,1.05,1
CUST1425,42,Female,67676,Employed,782,421616,13.34,72,0,8539.41,0.09,0.13,0
CUST1426,49,Female,35952,Self-employed,316,437291,10.76,60,0,9455.51,0.2,0.26,1
CUST1427,23,Female,28908,Employed,447,300870,13.8,36,0,10253.82,0.29,0.35,1
CUST1428,32,Male,50460,Unemployed,576,139087,8.29,60,0,2839.53,0.05,0.06,1
CUST1429,46,Male,32861,Employed,531,246103,16.33,72,0,5383.24,0.1,0.16,1
CUST1430,36,Female,15311,Employed,665,345524,12.28,48,0,9146.55,0.47,0.6,1
CUST1431,57,Male,36071,Self-employed,527,442095,11.72,60,0,9771.72,0.2,0.27,1
CUST1432,42,Male,31570,Self-employed,735,329215,13.15,60,1,7515.96,0.17,0.24,0
CUST1433,49,Male,26449,Employed,698,70074,13.56,36,0,2380.02,0.07,0.09,0
CUST1434,34,Female,41536,Employed,510,271796,7.75,72,1,4732.36,0.09,0.11,1
CUST1435,48,Female,46258,Self-employed,690,117843,14.17,60,0,2752.4,0.04,0.06,0
CUST1436,25,Male,56302,Employed,798,89901,9.54,60,0,1889.85,0.03,0.03,0
CUST1437,50,Female,68401,Unemployed,839,323349,14.5,60,0,7607.85,0.08,0.11,0
CUST1438,25,Male,36865,Unemployed,790,498877,15.64,60,1,12036.5,0.23,0.33,0
CUST1439,32,Male,14645,Self-employed,741,436805,15.44,48,0,12254.26,0.62,0.84,1
CUST1440,36,Male,62235,Employed,560,318050,12.8,72,0,6351.05,0.07,0.1,1
CUST1441,46,Male,46000,Self-employed,649,445807,12.46,36,0,14905.31,0.27,0.32,0
CUST1442,46,Female,34737,Employed,651,437720,8.5,36,0,13817.74,0.35,0.4,0
CUST1443,41,Female,19485,Employed,819,112987,15.14,48,0,3152.54,0.12,0.16,0
CUST1444,59,Female,46565,Employed,619,392829,9.85,72,0,7247.81,0.12,0.16,0
CUST1445,56,Male,33522,Employed,437,422598,12.22,60,0,9447.51,0.21,0.28,1
CUST1446,53,Female,62078,Self-employed,849,417631,9.98,48,0,10588.19,0.14,0.17,0
CUST1447,50,Male,63168,Self-employed,667,104400,8.41,72,0,1851.44,0.02,0.03,0
CUST1448,57,Female,60487,Self-employed,519,206222,13.61,60,0,4756.83,0.06,0.08,1
CUST1449,43,Male,20342,Employed,636,81852,7.57,48,0,1981.77,0.08,0.1,0
CUST1450,30,Male,48806,Employed,522,486086,14.86,72,1,10241.37,0.14,0.21,1
CUST1451,25,Male,56770,Employed,659,364900,10.33,36,0,11830.91,0.18,0.21,0
CUST1452,56,Female,21087,Unemployed,628,427501,7.0,36,0,13199.99,0.56,0.63,1
CUST1453,54,Female,45641,Employed,762,169052,12.37,72,0,3337.62,0.05,0.07,0
CUST1454,51,Female,42249,Self-employed,681,106481,7.49,36,0,3311.73,0.07,0.08,0
CUST1455,30,Female,18093,Employed,468,313427,9.9,72,0,5790.7,0.24,0.32,1
CUST1456,39,Male,63457,Employed,516,83691,14.42,60,0,1965.61,0.02,0.03,1
CUST1457,52,Female,60603,Self-employed,677,444341,7.66,72,0,7717.18,0.1,0.13,0
CUST1458,21,Female,69408,Employed,418,248137,15.81,60,0,6009.19,0.06,0.09,1
CUST1459,25,Male,55190,Self-employed,489,76170,7.04,48,0,1825.4,0.03,0.03,1
CUST1460,24,Male,24438,Unemployed,669,58438,9.59,72,0,1070.57,0.03,0.04,0
CUST1461,36,Male,48411,Employed,448,332239,14.78,48,0,9209.45,0.14,0.19,1
CUST1462,44,Female,34399,Employed,787,197226,10.32,36,1,6393.6,0.16,0.19,0
CUST1463,36,Male,27846,Employed,673,451220,8.07,60,0,9164.24,0.27,0.33,0
CUST1464,22,Male,23708,Unemployed,459,321896,10.78,72,0,6090.78,0.19,0.26,1
CUST1465,48,Male,52039,Employed,650,105426,9.84,48,0,2665.78,0.04,0.05,0
CUST1466,52,Female,57984,Self-employed,587,289968,15.85,60,0,7028.37,0.08,0.12,1
CUST1467,47,Male,53368,Self-employed,587,338963,10.29,60,0,7250.42,0.11,0.14,1
CUST1468,40,Female,18998,Self-employed,525,404195,15.28,36,0,14067.04,0.59,0.74,1
CUST1469,44,Female,63106,Employed,822,205289,16.36,36,0,7253.89,0.09,0.11,0
CUST1470,32,Male,55063,Self-employed,821,311501,11.56,60,0,6860.11,0.09,0.12,0
CUST1471,55,Male,38678,Unemployed,572,269780,16.55,60,0,6639.62,0.12,0.17,1
CUST1472,53,Female,18682,Employed,701,345138,10.96,72,0,6562.32,0.26,0.35,0
CUST1473,53,Male,57148,Employed,482,196108,17.12,60,0,4886.45,0.06,0.09,1
CUST1474,63,Male,16519,Unemployed,787,258347,7.94,72,0,4522.1,0.22,0.27,0
CUST1475,57,Female,64373,Employed,423,147756,14.21,60,0,3454.13,0.04,0.05,1
CUST1476,32,Female,39480,Self-employed,713,492632,12.19,36,0,16407.17,0.35,0.42,1
CUST1477,23,Male,27694,Employed,471,452803,11.07,72,0,8634.93,0.23,0.31,1
CUST1478,21,Female,11300,Employed,587,145665,13.64,48,0,3954.26,0.27,0.35,1
CUST1479,53,Male,14722,Self-employed,734,181717,14.39,36,0,6245.13,0.34,0.42,1
CUST1480,60,Male,47986,Employed,412,212002,7.05,72,0,3619.52,0.06,0.08,1
CUST1481,30,Male,32160,Employed,421,311691,8.75,72,0,5579.8,0.13,0.17,1
CUST1482,63,Female,28059,Employed,843,131835,14.49,48,0,3635.07,0.1,0.13,0
CUST1483,64,Male,43822,Employed,521,172232,14.0,72,1,3548.97,0.05,0.08,1
CUST1484,49,Male,21575,Employed,338,473306,17.14,60,0,11798.53,0.37,0.55,1
CUST1485,33,Male,15970,Employed,796,268561,14.99,48,0,7472.89,0.35,0.47,1
CUST1486,32,Female,42911,Unemployed,532,495358,16.98,36,0,17655.93,0.32,0.41,1
CUST1487,51,Female,29591,Employed,829,293051,14.38,36,0,10069.96,0.28,0.34,0
CUST1488,22,Female,39821,Self-employed,448,207547,10.13,60,0,4423.05,0.09,0.11,1
CUST1489,55,Female,17503,Employed,696,462104,8.11,36,1,14504.12,0.73,0.83,1
CUST1490,43,Female,68535,Self-employed,601,93732,15.21,72,1,1992.67,0.02,0.03,0
CUST1491,37,Male,55917,Employed,659,262695,13.76,72,0,5379.32,0.07,0.1,0
CUST1492,46,Female,26922,Unemployed,537,358449,7.51,60,1,7184.29,0.22,0.27,1
CUST1493,28,Female,20175,Employed,535,227109,10.78,36,1,7411.62,0.31,0.37,1
CUST1494,49,Female,61699,Employed,502,59346,17.05,36,0,2117.32,0.03,0.03,1
CUST1495,46,Male,62771,Employed,555,312731,12.25,60,0,6996.1,0.08,0.11,1
CUST1496,30,Female,49124,Employed,534,62763,11.54,48,0,1638.65,0.03,0.03,1
CUST1497,46,Female,69621,Employed,644,240237,11.81,36,0,7957.52,0.1,0.11,0
CUST1498,54,Male,63764,Employed,833,288553,9.19,48,0,7206.71,0.09,0.11,0
CUST1499,61,Female,29389,Self-employed,765,381759,10.87,36,0,12474.81,0.36,0.42,1
